ratio,cent_y,cent_x,eccentricity,solidity,skew_x,skew_y,kurt_x,kurt_y,aspect_ratio,hull_area,contour_area
0.13592233009708737,0.596060889029,0.478536768104,0.9434686100407659,0.215106107857,-0.128514307369,-0.693481636423,-1.33445662533,-0.0945891031324,2.46185525967,0.833254247298,0.35253312687
