ratio,cent_y,cent_x,eccentricity,solidity,skew_x,skew_y,kurt_x,kurt_y,aspect_ratio,hull_area,contour_area,output
0.2894736842105263,0.515361369932,0.399647443969,0.9832424629052826,0.428278688525,0.193195804159,0.0245779841514,-0.788945912818,-1.02338160164,4.25929488535,0.719924720865,0.00831081928848,1
0.24266144814090018,0.542754736303,0.422889969068,0.9814104693257462,0.332439678284,0.282316259551,-0.364084559584,-1.21896515002,-0.980427983043,4.43588128804,0.780687037048,0.0118418820226,1
0.33700980392156865,0.553863636364,0.425026737968,0.9614402394140036,0.425696594427,0.157425470222,-0.428034992,-0.891277422561,-0.744512111977,3.35542594148,0.732202955669,0.00453844807233,1
0.2786764705882353,0.518469656992,0.464341145429,0.972968419706603,0.382056451613,0.00203761446509,-0.0288360940294,-1.0510311523,-1.00622470953,3.94138081878,0.745406538867,0.00437445151917,0
0.24281609195402298,0.461620644313,0.426783649595,0.978058969808656,0.348933241569,0.144963042202,0.02935092108,-1.014627145,-0.845208439773,4.04751194454,0.689211742524,0.00307434272821,0
0.1946624803767661,0.567180299539,0.416496809642,0.9806214979056259,0.313924050633,0.204228181594,-0.244033428283,-0.966668991525,-0.699614649748,4.49119049687,0.72529226824,0.00551133942431,0
