ratio,cent_y,cent_x,eccentricity,solidity,skew_x,skew_y,kurt_x,kurt_y,aspect_ratio,hull_area,contour_area,output
0.14222054380664653,0.460408921933,0.458788524451,0.9877082754561102,0.210308817781,-0.0496622951737,-0.00647147832478,-0.909550559386,0.258671273806,4.52004899441,0.744469433481,0.163087778887,1
0.1376130198915009,0.452943329064,0.478234700582,0.9838902695096357,0.216254617789,-0.202776974122,-0.0819686443223,-1.00065144717,0.285908752049,4.44238528476,0.786438148351,0.170740236649,1
0.10599674652469683,0.433334163802,0.499930673957,0.9875304932539227,0.163969116385,-0.216619852375,0.347632592771,-0.929646539628,1.40650576172,4.32612320205,0.732813225071,0.112906474681,1
0.08656004489337822,0.444744582508,0.460420657139,0.9911867101375226,0.124905106534,-0.00829715485822,0.12021860599,-1.00648228679,0.469682330585,4.773724292,0.757076125959,0.0974580061576,0
0.10354745925215723,0.471724823998,0.457855964567,0.9855776238185519,0.153339787028,-0.0298070487457,-0.142548424605,-1.09899708743,0.0486166047706,4.68459369926,0.811239081167,0.12672186721,0
0.09129366032127137,0.435283631298,0.499164224237,0.98481845859447,0.128500160927,-0.137274469324,0.0677364814253,-1.08671364557,0.416275648692,4.76130252093,0.87066463273,0.127380023683,0
