ratio,cent_y,cent_x,eccentricity,solidity,skew_x,skew_y,kurt_x,kurt_y,aspect_ratio,hull_area,contour_area,output
0.12938750438750438,0.648472226041,0.322592294108,0.7642972515721997,0.220617939702,0.818694584099,-1.02493262591,-0.344508605662,-0.0280763492206,1.59156236105,0.61402508575,0.296833267689,1
0.16793716793716792,0.633125302056,0.373349674932,0.7354426044058487,0.25114431298,0.595404294884,-0.971242035649,-1.03191087951,-0.0642065624391,1.26724137931,0.667517006803,0.390980530143,1
0.18408975012748596,0.629220633376,0.392267286887,0.7500101520250887,0.261073946845,0.629222094152,-0.916785396039,-1.05468988959,-0.235475773943,1.42763216837,0.713159792103,0.439584437262,1
0.09188741721854304,0.635307311444,0.353393429552,0.714434848244117,0.144943019943,0.657594378345,-0.871554901436,-0.888278406429,-0.250299002722,1.16666666667,0.632571428571,0.148171428571,0
0.08764713750668807,0.622776708435,0.354644719391,0.6890246604668075,0.132681988458,0.627915924753,-0.847112831867,-1.01630320315,-0.22010475957,1.05988023952,0.659612977435,0.362833654724,0
0.08777805864509605,0.637495304723,0.355904783431,0.7370980960089621,0.13729366413,0.623893435446,-0.930290194833,-1.03085846752,-0.103209519751,1.51210096052,0.653610024413,0.351507198142,0
