ratio,cent_y,cent_x,eccentricity,solidity,skew_x,skew_y,kurt_x,kurt_y,aspect_ratio,hull_area,contour_area,output
0.18934537684537683,0.534262864604,0.52020570692,0.9525470063742972,0.278619408318,0.105864231631,-0.538636840838,-0.662139194906,-0.331920320622,2.70930232558,0.685647270187,0.24985028446,1
0.14008270565647615,0.721518566537,0.557340321647,0.9647198021819214,0.237496087637,0.147631665966,-1.17636398585,-1.13888812718,1.1596707213,3.07012898428,0.725251164266,0.265036961665,1
0.19877899877899877,0.691902691903,0.549676221676,0.9398781941170893,0.25642641129,0.113362456515,-0.909222396883,-0.935672732296,0.00837915520254,2.65975264514,0.811474201131,0.321729172133,1
0.1099479386520332,0.654252679138,0.5401565359,0.9506953406015968,0.143302523474,0.0780967530202,-0.803204497131,-0.937678030947,-0.145280661491,2.91728966956,0.802997830195,0.225145017825,0
0.10841946597760552,0.647225593684,0.562391425397,0.9470543539209779,0.154046198562,0.0395710115133,-0.941615622251,-0.945099548642,0.143533514041,2.85053901106,0.795557238779,0.251600565713,0
0.1264925899788285,0.628623607525,0.547237738829,0.9527460374315219,0.156268526591,0.0629814461731,-0.748412013399,-0.842350615606,-0.156314795567,2.99074074074,0.811288843023,0.263243894049,0
