ratio,cent_y,cent_x,eccentricity,solidity,skew_x,skew_y,kurt_x,kurt_y,aspect_ratio,hull_area,contour_area,output
0.22476410895495816,0.509447134494,0.508365129196,0.6875526772928512,0.282754759239,0.113795865686,-0.19926630146,-1.20772604796,-0.877790403668,1.19852941176,0.79533561891,1.15438920967,1
0.18796606825803905,0.508665967996,0.414070619738,0.5691563383558793,0.249332705291,0.110919402058,-0.149101841426,-1.12124313067,-0.97970802219,1.35294117647,0.753716432225,0.381993286445,1
0.21602648478321568,0.521132303313,0.504859110024,0.7519581318842363,0.269949658575,0.151287358478,-0.226468985103,-1.13079684096,-0.943714348892,1.33823529412,0.800844376212,1.19077246283,1
0.11572966507177034,0.557963964096,0.392941856465,0.7348029535610757,0.174278145695,0.191149195222,-0.337829519484,-0.867917375154,-0.692819012728,1.6673873644,0.68922092115,0.757827980848,0
0.13697452726988593,0.509302918926,0.409990476839,0.6682799976697509,0.188076675488,0.00192663287439,-0.211834254001,-0.871885372136,-0.913063113015,1.42261409454,0.791957448777,1.06225727659,0
0.13102460397708124,0.545292754057,0.438759378349,0.6986201045080527,0.175904977376,-0.0409798363656,-0.362157285814,-0.885189260943,-0.810483168104,1.72880298582,0.771922434666,1.16704119459,0
