ratio,cent_y,cent_x,eccentricity,solidity,skew_x,skew_y,kurt_x,kurt_y,aspect_ratio,hull_area,contour_area,output
0.18633217993079584,0.653606149981,0.431883226828,0.676828797136068,0.224164845457,0.354441202908,-0.769061361765,-1.22586695542,-0.587521265191,1.25185185185,0.830440499671,0.793162393162,1
0.1609375,0.686131034367,0.404022701314,0.7257901297453633,0.22644681539,0.460168047313,-0.896105854383,-1.07492650821,-0.293188743379,1.17777777778,0.709317493594,0.676636384812,1
0.18099547511312217,0.617173713235,0.414394230769,0.537371666607335,0.228816589203,0.391643264136,-0.774687413675,-1.19823568156,-0.556028581192,1.04651162791,0.789951191502,0.807637094459,1
0.12782989368355221,0.597116486087,0.413334838677,0.6748721574501001,0.165225123272,0.389498041314,-0.769342980273,-1.11427791906,-0.577082834196,1.1718376173,0.784906770212,0.828557296028,0
0.1279891304347826,0.598367505396,0.438042009684,0.6912352911940054,0.162648333019,0.298010478384,-0.690617753387,-1.16458021837,-0.720579694088,1.24474473695,0.813961912933,0.816336936593,0
0.12680652680652682,0.594106506239,0.430583418764,0.7205642301824036,0.167243101991,0.269099494845,-0.705939041207,-1.27928348229,-0.712698593396,1.21172980179,0.77692837382,0.825749719863,0
