ratio,cent_y,cent_x,eccentricity,solidity,skew_x,skew_y,kurt_x,kurt_y,aspect_ratio,hull_area,contour_area,output
0.15132330959289544,0.387047686594,0.478485237752,0.8162239483601512,0.196933287562,0.084298960866,0.451418959148,-1.40970494716,-0.551980566124,1.09359605911,0.767574224471,0.167021701504,1
0.1262343066723092,0.590879709895,0.54274139007,0.8365172347318193,0.169636510118,-0.154062079823,-0.41627596571,-1.46649486461,-0.17586538813,1.50619896465,0.795679629978,0.144738239949,1
0.12384087208890776,0.526869021401,0.427195289423,0.8031321579161989,0.181243687032,0.0437483880145,0.0298529020921,-1.21615435785,-0.453025418464,1.59810198707,0.744852458842,0.143029592188,1
0.06489622152272755,0.521303202029,0.441183052594,0.8619694949960846,0.0951951314439,-0.00932948010765,0.0458247076795,-1.36384747698,-0.467950884663,1.72584448707,0.797123543138,0.107899920687,0
0.06704392863993862,0.547901832356,0.443397150107,0.8883058935234015,0.094231662198,-0.0124950150775,-0.0149862371383,-1.30362024737,-0.679642572971,1.91149440378,0.75757082216,0.0766824616542,0
0.06094771241830065,0.565721179625,0.512536797561,0.895521942676997,0.0965495819636,0.0254579764568,-0.288934988996,-1.390862324,-0.200466871031,1.83937882923,0.813520217049,0.174468924575,0
