ratio,cent_y,cent_x,eccentricity,solidity,skew_x,skew_y,kurt_x,kurt_y,aspect_ratio,hull_area,contour_area,output
0.20539529914529914,0.596038186456,0.455423258922,0.8694105775134696,0.263198425601,0.137020528023,-0.353171516461,-1.19546515482,-0.666227573613,1.65485193144,0.848967935892,0.25621272926,1
0.20993589743589744,0.504160414084,0.457323473282,0.8363292744057119,0.261616296099,0.19114258023,-0.355669041437,-1.20409401944,-0.446588847996,1.37391304348,0.814556962025,0.246175013759,1
0.19895893580104107,0.538897723006,0.459902177925,0.8060116605322993,0.255487704242,0.159726973352,-0.315125155445,-1.25374098219,-0.469883618507,1.23986405409,0.814839038855,0.238860984859,1
0.1348238482384824,0.479341976153,0.476561198739,0.913008947767514,0.178155774396,0.0860131634038,-0.0521759583186,-1.23348521806,-0.307977070506,1.71098121831,0.793896501423,0.219055014954,0
0.1349025974025974,0.485162204172,0.455523951914,0.9128118249296646,0.194030431568,0.0895364280291,0.0267904708307,-1.20017527803,-0.449399552613,1.70095681039,0.772010109959,0.229554712655,0
0.1311500999000999,0.466111132381,0.473433196178,0.9101888026819088,0.170322319076,0.0690585554143,0.00546251472442,-1.27458578605,-0.209821333648,1.64010418036,0.802088261042,0.210005716815,0
