ratio,cent_y,cent_x,eccentricity,solidity,skew_x,skew_y,kurt_x,kurt_y,aspect_ratio,hull_area,contour_area,output
0.18733766233766233,0.615019891287,0.507050012379,0.8912076645996874,0.268528214078,0.0580632407147,-0.850469788636,-0.893488703706,-0.0541073499671,1.65408938312,0.744198907636,0.178851505811,1
0.1667811984606927,0.650574340846,0.505974454059,0.869510891641886,0.263146481622,0.0409072407774,-0.960696034638,-1.00478596134,0.211794478718,1.33984562524,0.781806917781,0.184645478069,1
0.18882193802262667,0.672458969498,0.505147903135,0.849822398480786,0.248623704663,0.081855936883,-0.947163151805,-1.15859122387,0.0879125424692,1.35086521603,0.793184440648,0.179223055486,1
0.1121920691813165,0.538470688403,0.515357867285,0.8038450167773457,0.148886372216,-0.110784298349,0.0237481019053,-1.07169585589,-0.256687452578,1.38277581897,0.79715874892,0.222504987562,0
0.10944858420268257,0.519596682024,0.579754406813,0.9445183391439567,0.128391608392,-0.463194571587,0.00231691512471,-1.01569462244,-0.0413721852703,2.32208696662,0.873631073378,0.256601106989,0
0.09989129590806739,0.568098321466,0.568734515921,0.9445275988831202,0.136151973754,-0.412339667374,-0.132475852457,-0.927926212831,-0.12858450433,2.66407998488,0.824543471154,0.219408887792,0
