ratio,cent_y,cent_x,eccentricity,solidity,skew_x,skew_y,kurt_x,kurt_y,aspect_ratio,hull_area,contour_area,output
0.11671087533156499,0.398765297203,0.406017339342,0.9157903136668049,0.182809659829,0.262591892368,0.641077571541,-0.874591915055,-0.32151036845,2.28008771761,0.652431039609,0.0796460586132,1
0.10981973434535104,0.406883578346,0.393318828611,0.9184126333570878,0.178902627512,0.523508059256,0.481984450547,-0.263469650603,-0.324711021235,2.22160529482,0.647715633705,0.171473105339,1
0.09264705882352942,0.436241163132,0.383398121153,0.8747355238823696,0.146244403913,0.350811477841,0.217565230855,-0.574126540237,-0.334873421849,2.12677549048,0.669922869761,0.227567259429,1
0.09633620689655173,0.536108780761,0.427138779603,0.8967015447447702,0.158006362672,0.687044290328,-0.426635387922,-0.428700103411,-0.0638479406311,2.35412110903,0.615918742412,0.193257933893,0
0.0695142378559464,0.482213297635,0.40387075942,0.8598167928178505,0.126976032636,0.770641895565,-0.466860719616,0.417617879467,-0.146310089987,2.12737865353,0.632332050809,0.130983067668,0
0.08540372670807453,0.500503651473,0.366204047669,0.8771676114703689,0.158742214796,0.826971789878,-0.287137691288,-0.162681929508,-0.0852030931891,2.45156899115,0.577921470067,0.0601822686365,0
