ratio,cent_y,cent_x,eccentricity,solidity,skew_x,skew_y,kurt_x,kurt_y,aspect_ratio,hull_area,contour_area,output
0.13531844499586435,0.535452322738,0.484667560533,0.983524108937939,0.179622310057,-0.0117515892788,-0.430384883403,-1.14050215861,-0.345902205872,3.97104907666,0.677253008656,0.000182745010431,1
0.1409982174688057,0.648419721871,0.463624870705,0.9919767749080584,0.194971653931,0.0714538633736,-0.815811160086,-0.97279406668,-0.162042995287,6.4184464591,0.651050019103,0.000345201494752,1
0.11101524302559677,0.534530951732,0.476138905405,0.9897896478217642,0.158619272653,-0.0327005886787,-0.451848408822,-1.17281780706,-0.12306312113,5.69722560359,0.726739617514,0.000681835856132,1
0.15215924426450742,0.505770652112,0.517585190804,0.9854342782262426,0.200177541056,-0.111569154371,-0.215691907799,-1.19912955943,-0.459407966846,4.01666204792,0.727025717289,0.000629148228585,0
0.17159498207885304,0.491586887148,0.492598753474,0.9851594496681368,0.250408630271,-0.0993914771699,-0.253458376407,-1.22559468284,0.183483241749,3.59801352936,0.660117896386,0.00176064975222,0
0.17746759720837488,0.555807997356,0.468458388878,0.9813438544975224,0.254194930382,0.0568766797302,-0.308337090539,-1.26230196717,0.0793613674273,3.39576098401,0.673127415997,0.000810508628534,0
