ratio,cent_y,cent_x,eccentricity,solidity,skew_x,skew_y,kurt_x,kurt_y,aspect_ratio,hull_area,contour_area,output
0.11671087533156499,0.398765297203,0.406017339342,0.9157903136668049,0.182809659829,0.262591892368,0.641077571541,-0.874591915055,-0.32151036845,2.05297488595,0.604753680204,0.00107448092426,1
0.10981973434535104,0.406883578346,0.393318828611,0.9184126333570878,0.178902627512,0.523508059256,0.481984450547,-0.263469650603,-0.324711021235,1.86572925684,0.616834867836,0.000189126128418,1
0.09264705882352942,0.436241163132,0.383398121153,0.8747355238823696,0.146244403913,0.350811477841,0.217565230855,-0.574126540237,-0.334873421849,2.17773008522,0.574374398794,0.000445942856206,1
0.09633620689655173,0.536108780761,0.427138779603,0.8967015447447702,0.158006362672,0.687044290328,-0.426635387922,-0.428700103411,-0.0638479406311,1.50272407812,0.696929857622,0.00395870410464,0
0.0695142378559464,0.482213297635,0.40387075942,0.8598167928178505,0.126976032636,0.770641895565,-0.466860719616,0.417617879467,-0.146310089987,1.17043704623,0.722820101169,0.00109817699965,0
0.08540372670807453,0.500503651473,0.366204047669,0.8771676114703689,0.158742214796,0.826971789878,-0.287137691288,-0.162681929508,-0.0852030931891,1.06084529736,0.668817187472,0.00107700030189,0
