ratio,cent_y,cent_x,eccentricity,solidity,skew_x,skew_y,kurt_x,kurt_y,aspect_ratio,hull_area,contour_area,output
0.1679140679140679,0.581239101256,0.518391060034,0.4682188804898978,0.2664394106,0.162228379573,-0.709660201196,-0.794254491099,-0.759043400667,1.09982653197,0.848444400265,0.541215415709,1
0.16056056056056056,0.536796147769,0.51424525107,0.5669788711569758,0.265328628143,0.129632697542,-0.685188152218,-0.787653612403,-0.671486105434,1.14433868045,0.835503411626,0.546718722057,1
0.1633873873873874,0.533788751257,0.525095721217,0.481083531109601,0.274455205811,0.0404839963426,-0.757381688345,-0.774239492584,-0.365604897251,1.15918502487,0.815301849163,0.57350741968,1
0.15024612969965043,0.587884193803,0.518025561283,0.6331552340502581,0.216755866612,0.165693560532,-0.760002805064,-0.971303271702,-0.410066737868,1.3042822166,0.851289959544,0.591513131411,0
0.12699379033239985,0.597512461536,0.472074349484,0.6102161924213615,0.164219641803,0.355339451201,-0.569365590011,-1.09127028352,-1.00539201449,1.1840398609,0.899193495452,0.15034602619,0
0.11928474422815753,0.594416856196,0.486865302058,0.46673787880053297,0.182658425279,0.23665253786,-0.756033564179,-0.512398791304,-0.53740536509,1.15561901174,0.818250112274,0.569235172065,0
