ratio,cent_y,cent_x,eccentricity,solidity,skew_x,skew_y,kurt_x,kurt_y,aspect_ratio,hull_area,contour_area,output
0.12109634551495016,0.602782676857,0.458436213992,0.9960094546949251,0.166552433173,0.0887696200445,-0.836665980209,-1.4127787723,0.0283355897701,16.199191125,0.664571283734,0.00170293730617,1
0.08570019723865878,0.580449086778,0.435867929539,0.9949406535879477,0.127850522289,0.170501870531,-0.486209366392,-1.2327790853,0.29014209809,9.55913159262,0.720502707276,0.000501335526343,1
0.1013527362164378,0.534348420865,0.446451031028,0.9971716797012923,0.157609561753,0.0863249759853,-0.341509121038,-1.36001428432,-0.20237563664,10.8278637928,0.735713401877,0.000400148701119,1
0.1108338531919318,0.616077012418,0.448401156837,0.9922563011559864,0.148841105836,0.0907011042277,-0.737937344731,-1.50299732446,-0.0300220233459,6.05413794085,0.875363101616,0.00291906361661,0
0.10947249007373795,0.532762983492,0.446278276254,0.9907201786351908,0.163393159499,0.107453777554,-0.147730914851,-1.32676289778,-0.482758164771,6.06227215171,0.787571690201,0.00120735336239,0
0.1212338593974175,0.578005484197,0.468325791855,0.9880928852665558,0.14794280712,-0.00965074658947,-0.595673609225,-1.3520891107,-0.518935358175,5.2093208983,0.826705530057,0.00152773800348,0
