ratio,cent_y,cent_x,eccentricity,solidity,skew_x,skew_y,kurt_x,kurt_y,aspect_ratio,hull_area,contour_area,output
0.16194609410689811,0.522530933453,0.435959770644,0.9473785459423594,0.267118771781,0.257220687512,0.124264141007,-0.903538139518,-0.476137433271,2.49973611273,0.665606800524,0.322407292507,1
0.15332343535861123,0.562844929744,0.435082301639,0.9543344019948726,0.250279642058,0.2469996976,-0.181808302247,-0.962860080411,-0.0951937555299,2.46984326357,0.668994109271,0.298730817058,1
0.15352387511478421,0.533814783347,0.45212310016,0.9485328185506454,0.247410284869,0.22456361491,0.186498042308,-0.858262487633,-0.665970499044,2.26436781609,0.618122410876,0.129062372367,1
0.11360111662531018,0.561130683695,0.50196737989,0.9346808299113485,0.17609231324,-0.0948090641994,-0.333225881665,-1.26504956307,-0.222654380058,2.19208097755,0.775570758757,0.318107777407,0
0.12870275791624106,0.516367527603,0.46315725138,0.95349381010764,0.188392007612,0.120149438128,-0.176650280612,-1.02537964524,-0.294609898183,2.84722451641,0.71940725368,0.300238200531,0
0.10812665873524298,0.564774111083,0.46522908289,0.9530252747086458,0.17240624544,0.0498183636641,-0.306374196429,-1.05437080854,-0.497699126814,2.91662468907,0.813844072565,0.295289359712,0
