ratio,cent_y,cent_x,eccentricity,solidity,skew_x,skew_y,kurt_x,kurt_y,aspect_ratio,hull_area,contour_area,output
0.19026295731707318,0.441564786204,0.488018160053,0.9686574682871478,0.24856858352,-0.0697383699761,-0.0161127871603,-0.999640783625,-0.329843547867,3.14814814815,0.76436698136,0.2961268458,1
0.1876582700253232,0.630305051275,0.564927580104,0.954286335090534,0.254266365688,-0.184666037128,-0.657044495901,-1.15619423632,0.21691543884,2.36797827934,0.763093297142,0.301091600207,1
0.19469960933375569,0.647700518491,0.537519602596,0.9612742290655886,0.250356391284,-0.147421621212,-0.932789942666,-1.12550016569,0.580496403277,2.86285110665,0.788080273734,0.316282846897,1
0.14547413793103448,0.52732895457,0.502764928193,0.9465581521045683,0.174825174825,0.0122170246043,-0.147850654563,-1.2504847325,-0.728096554973,2.51001179991,0.846435105202,0.300024600144,0
0.12263234098256609,0.530116231832,0.480349344978,0.9633967900785739,0.157284220702,0.150062527511,-0.0674442329552,-1.177017015,-0.639991247973,3.3732153299,0.825428520039,0.310351949629,0
0.11899705014749262,0.552641046678,0.516486531152,0.9745558801152329,0.177054073034,-0.0364671524111,-0.0504806204956,-1.14379580194,-0.537081571516,3.31658986473,0.784154291161,0.252915254741,0
