ratio,cent_y,cent_x,eccentricity,solidity,skew_x,skew_y,kurt_x,kurt_y,aspect_ratio,hull_area,contour_area,output
0.11461538461538462,0.471595824012,0.443692458269,0.9749426902667789,0.279506018446,0.261610760313,0.067963814113,-0.653364141231,-0.912592123056,4.30247039275,0.567756521895,0.117634563405,1
0.1312417145382236,0.456720938456,0.444966390307,0.9794405957837167,0.331534883721,0.205842690877,0.083496090102,-1.05668524084,-0.999764341025,3.96985245403,0.591505622045,0.163221129351,1
0.12203791469194313,0.427553221936,0.424013952887,0.9782974524558034,0.298303682251,0.261728981531,0.233418545924,-0.739113667328,-0.859756584738,4.05814589596,0.589693826976,0.154587256432,1
0.09570400359874044,0.475282347565,0.402094225893,0.9813355577126806,0.185868734302,-0.101953707936,-0.0364172823964,-0.778842835778,-0.859711201912,4.56813614813,0.650112658679,0.11595459195,0
0.11929693343305908,0.507953425884,0.460775656912,0.9710348022345576,0.234008215962,-0.125566489416,-0.214463489383,-1.07055031599,-0.657385639701,3.83625819929,0.680765716036,0.180907090476,0
0.10767575322812052,0.551114942979,0.470105295657,0.9580241467952676,0.202263845843,-0.179364722984,-0.162680408104,-1.37135131778,-0.940551626674,2.80678276764,0.678818136331,0.135998268862,0
