ratio,cent_y,cent_x,eccentricity,solidity,skew_x,skew_y,kurt_x,kurt_y,aspect_ratio,hull_area,contour_area,output
0.23059997853386283,0.6304302252,0.555857454159,0.5418287714822029,0.313787060026,-0.250870047615,-0.707623738181,-0.592892956793,-0.549442721727,1.275,0.734558823529,1.04989106754,1
0.20594374862667544,0.604735436957,0.501981016076,0.6632806264879597,0.302680445664,-0.0998346228753,-0.712309674512,-0.600126000785,-0.533067913955,1.12732926041,0.703210989847,0.924195439928,1
0.22754222062522458,0.601521078785,0.543241173038,0.7304551107353077,0.287171929029,-0.171143234185,-0.667022021746,-0.738305804124,-0.539401850736,1.525,0.792827868852,0.708287795993,1
0.16312576312576313,0.586255267243,0.542298644469,0.6797444044753648,0.220486302123,-0.0978807180999,-0.638207658474,-0.68302853406,-0.453023532401,1.3848186263,0.755955541029,1.13293183649,0
0.16855736301369864,0.557880698703,0.552707231041,0.6874325688331641,0.232472324723,-0.136224769794,-0.558692788189,-0.620894653133,-0.834534722702,1.2921210598,0.74104228285,1.04347009176,0
0.15169190765662882,0.560025682762,0.537689179634,0.7215317165551689,0.213006365027,-0.0604475250894,-0.669466197435,-0.755604667518,-0.556304168763,1.43139403691,0.731148841283,1.0516737099,0
