ratio,cent_y,cent_x,eccentricity,solidity,skew_x,skew_y,kurt_x,kurt_y,aspect_ratio,hull_area,contour_area,output
0.16501053899427884,0.554364355231,0.398268277847,0.9237101214925857,0.287626295762,0.387375407058,-0.629180353516,-0.50368687871,-0.0566475982151,2.6735665305,0.653312504408,0.368838531281,1
0.17922312556458897,0.540075231481,0.46356338513,0.8945041543882762,0.289783100854,0.163368544988,-0.614897963665,-0.777130954106,-0.20627216783,2.26751256983,0.717464315683,0.39501203896,1
0.14819309600862998,0.496085105427,0.39463354447,0.9138274293958997,0.284444827884,0.442714898985,-0.40068708037,-0.419760939224,0.0244566030814,2.59601444327,0.646115989272,0.326656853015,1
0.13223193212987178,0.58615651665,0.443097373869,0.9138760814189464,0.197372179377,0.274252562731,-0.654632914499,-0.869601073006,-0.256777269643,2.26503058506,0.713236125365,0.529980164722,0
0.13458396178984414,0.58166154804,0.472223462114,0.9401515648838817,0.201136470367,0.068754866162,-0.606599998141,-1.16751105329,-0.173484263154,2.45502805064,0.703761967347,0.460954784692,0
0.1427583380296122,0.567623616044,0.437666264841,0.9392572924603592,0.221846264082,0.215697427181,-0.543534416303,-1.12197678124,-0.222671545854,2.58109730589,0.716847754203,0.521483170178,0
