ratio,cent_y,cent_x,eccentricity,solidity,skew_x,skew_y,kurt_x,kurt_y,aspect_ratio,hull_area,contour_area,output
0.1641854789505796,0.507773862165,0.520248471335,0.9543131641310457,0.350573215216,-0.334929630965,-0.125498412933,-1.05155244877,-0.892356588882,2.62587083939,0.763672918428,0.353418490399,1
0.1148296943231441,0.482183145726,0.481870488878,0.946464249582189,0.237208631017,-0.248851670499,-0.0769521272306,-0.845187317478,-0.755934441207,2.94387411072,0.754241327454,0.276793434034,1
0.1253601047577477,0.53343169317,0.494921237153,0.9177343222002896,0.157728533377,0.0725743722468,0.0132237675749,-0.773721289882,-0.279603449139,1.84076433121,0.793831133053,0.156557864809,1
0.10445652173913043,0.498236212279,0.515696398679,0.9513197432141449,0.206311721769,-0.388169739817,-0.140545280498,-0.949741307272,-0.913273213035,2.85698318882,0.751718479559,0.276968419256,0
0.11845010137418338,0.482752575785,0.484535777705,0.9540629766182058,0.25332433995,-0.374473137819,0.0693184072128,-0.743805309353,-0.699922679301,3.05799793187,0.774899540715,0.417907082328,0
0.13360193392425462,0.571492307947,0.48730575463,0.9501683835106364,0.191831539975,-0.139638068225,-0.691701214078,-1.26071542514,-0.0625768320117,2.60572617848,0.826548076914,0.113077760803,0
