ratio,cent_y,cent_x,eccentricity,solidity,skew_x,skew_y,kurt_x,kurt_y,aspect_ratio,hull_area,contour_area,output
0.17941079112876532,0.469733928918,0.425096892478,0.8936769922685106,0.269785963166,0.233196267632,-0.216915361794,-1.07808123048,-0.429888378912,1.76845831021,0.702674094773,0.25197944412,1
0.18769889840881274,0.511389494277,0.411185083522,0.8745523179504946,0.244850710522,0.161458187599,-0.396143534678,-1.059133336,-0.516326366154,1.79805384336,0.774415559768,0.257215472797,1
0.1543048372376027,0.539768387847,0.389947758064,0.9077501223266203,0.250940035622,0.308725132074,-0.333406716755,-0.994366406762,-0.366112211479,1.87899365749,0.634970270463,0.205925901009,1
0.11811679404271996,0.585618384872,0.418544633393,0.8869093871813739,0.178104454458,0.286671016794,-0.596470516283,-1.00892782818,-0.20888128646,1.77250487265,0.677400294297,0.21216361641,0
0.12926957435627956,0.540536348124,0.414255578009,0.88485317347558,0.191671716734,0.284359767519,-0.339652744081,-0.966961957045,-0.357306849993,1.78327173567,0.683874004366,0.198653998358,0
0.11173205741626795,0.574432339842,0.400768107319,0.8644257155487436,0.173894912427,0.275998078418,-0.585372231723,-0.96195503278,-0.233808182767,1.71728563234,0.660474489271,0.19419137076,0
