ratio,cent_y,cent_x,eccentricity,solidity,skew_x,skew_y,kurt_x,kurt_y,aspect_ratio,hull_area,contour_area,output
0.09948580371115583,0.457029159979,0.471588331487,0.9834899110434447,0.203894616266,-0.124422439175,0.102831814221,-1.15785023876,-1.06172027276,4.46037747026,0.834088624609,0.174009666597,1
0.08860759493670886,0.458004941656,0.434849747039,0.98137900581004,0.189476885645,0.0519321708273,0.00824398821264,-1.07416504975,-1.09996314315,4.43220367242,0.734587522988,0.116134279988,1
0.0880257298367145,0.430321839905,0.450096082199,0.9808181919685323,0.197381559969,-0.00175762081568,0.147889709943,-1.16358458234,-0.782060589613,4.06132174022,0.765530375251,0.116398980747,1
0.08770614692653673,0.417960662526,0.48015421907,0.9821748249432504,0.203301476977,-0.0516211932856,0.296369263823,-1.2934964086,-1.06880134639,4.09540883684,0.745638987391,0.122087933078,0
0.10099337748344371,0.486952157912,0.491606826207,0.9718915027589271,0.224539877301,-0.0822570891489,-0.0446553515559,-1.22192475733,-1.12150775339,3.77894937563,0.886042887985,0.165030774777,0
0.09649122807017543,0.512154882155,0.513297448166,0.9685224662436325,0.197427460365,-0.117187043225,-0.137437990376,-1.30513155379,-1.21035748103,3.09621356846,0.809487491229,0.137015990612,0
