ratio,cent_y,cent_x,eccentricity,solidity,skew_x,skew_y,kurt_x,kurt_y,aspect_ratio,hull_area,contour_area,output
0.14087178852736196,0.542229354348,0.48928108337,0.8917769559088409,0.21900243621,0.061493346372,-0.234933272731,-1.18373125876,-0.279667786607,1.59777163834,0.77141329948,0.514250443928,1
0.14117856507032223,0.646936239541,0.517349983084,0.9006472830895804,0.197716166351,0.043196864117,-0.913886065195,-1.29004198636,0.259157462386,1.85351537616,0.807028617528,0.498544667678,1
0.12687947795082244,0.533347911232,0.404387653875,0.8539630555796527,0.181634323687,0.238774960874,-0.563960604513,-0.986127911275,-0.0659770074814,1.7205555927,0.807648296078,0.181585553299,1
0.09887005649717515,0.609830872581,0.476079565186,0.8931292743221165,0.152758179372,0.0404396484466,-0.605432559187,-1.31319637195,-0.107696373842,1.96164850791,0.883495248871,0.614917031977,0
0.09671537404770826,0.598977799126,0.484440325717,0.8979510495129184,0.137188208617,0.0236172221911,-0.668025016649,-1.34069652896,-0.30937509778,1.9611055124,0.900201793319,0.61462598608,0
0.09961254156247423,0.590918474538,0.483016168264,0.8930761533604669,0.140373296159,0.0615344625596,-0.574813599332,-1.27971889446,-0.384715482034,1.90481457997,0.871684964798,0.631567646243,0
