ratio,cent_y,cent_x,eccentricity,solidity,skew_x,skew_y,kurt_x,kurt_y,aspect_ratio,hull_area,contour_area,output
0.11687122183550101,0.627757733483,0.439042669751,0.9886593932311665,0.177938920653,0.200974825573,-0.98210921045,-1.31848150955,1.20340326008,4.47375711929,0.703612192462,0.00285581956133,1
0.13189207306854367,0.671913972422,0.516271194237,0.9888342933599453,0.198862918509,-0.0748464843247,-1.20193836588,-1.36430067962,1.36057423925,4.19992193526,0.669506551132,0.00109482052442,1
0.11791617473435655,0.635314232076,0.493056920324,0.9915091076228202,0.174950733523,-0.0066634454765,-1.10273382375,-1.35117797565,1.76845144286,4.44240834317,0.767651570509,0.0020087623366,1
0.13097072419106318,0.539381854437,0.474493299003,0.9866044718625563,0.205479452055,-0.0273223915514,-0.495633738574,-1.22000097349,0.658248155024,4.86705907697,0.787377480597,0.00257456549202,0
0.10877957658779576,0.660639373956,0.467893011396,0.986430669564059,0.180363411109,0.0547762090818,-1.12670565818,-1.28390401074,1.80046622575,5.5585877611,0.847577935047,0.00276875908987,0
0.11667928684518483,0.598181597769,0.453008404856,0.9833350257842587,0.214801672792,0.181243536168,-0.736031479085,-1.17351003277,0.479088032405,4.22407205116,0.754583140635,0.00371097516187,0
