ratio,cent_y,cent_x,eccentricity,solidity,skew_x,skew_y,kurt_x,kurt_y,aspect_ratio,hull_area,contour_area,output
0.09567426108374384,0.531649651843,0.377418903,0.9277911814104213,0.130170698502,0.606571999333,-0.123669772161,-0.899650529992,-0.50479003771,2.01290737211,0.765577166205,0.315572428251,1
0.10157991346532057,0.451174461172,0.376855283871,0.9277821492389677,0.134844661039,0.679246892628,0.16408242518,-0.809731304528,-0.631365257556,2.32799735271,0.761438921834,0.477498317665,1
0.09735166200683443,0.513854311376,0.39073656824,0.9285877383791463,0.131387243855,0.655805837597,0.0529206956882,-0.818838930871,-0.383277233442,2.00092033485,0.769488799702,0.319016933355,1
0.08081967213114755,0.453624340771,0.408091976191,0.9053293300946379,0.105957702889,0.621734604174,0.127869116424,-0.834474616842,-0.676248430756,1.86599995605,0.776725144327,0.574179841156,0
0.08431372549019608,0.454488772253,0.426367526626,0.9379166444857787,0.111803549319,0.510997132459,0.0745400002351,-1.08499513278,-0.376998285144,2.31058035459,0.768880499989,0.527983366443,0
0.0851528384279476,0.478046196228,0.399309860445,0.9237483536400405,0.113180666948,0.595383191263,-0.0422798900194,-0.877839268392,-0.534694721639,2.15307970414,0.767864902123,0.574336806006,0
