ratio,cent_y,cent_x,eccentricity,solidity,skew_x,skew_y,kurt_x,kurt_y,aspect_ratio,hull_area,contour_area,output
0.09948580371115583,0.457029159979,0.471588331487,0.9834899110434447,0.203894616266,-0.124422439175,0.102831814221,-1.15785023876,-1.06172027276,5.19759704239,0.836896322354,0.00132886540657,1
0.08860759493670886,0.458004941656,0.434849747039,0.98137900581004,0.189476885645,0.0519321708273,0.00824398821264,-1.07416504975,-1.09996314315,4.7047027736,0.762838025525,0.00064193943242,1
0.0880257298367145,0.430321839905,0.450096082199,0.9808181919685323,0.197381559969,-0.00175762081568,0.147889709943,-1.16358458234,-0.782060589613,3.48649274473,0.763874243868,0.000327421450436,1
0.08770614692653673,0.417960662526,0.48015421907,0.9821748249432504,0.203301476977,-0.0516211932856,0.296369263823,-1.2934964086,-1.06880134639,5.15927589745,0.787038696481,0.00165601409012,0
0.10099337748344371,0.486952157912,0.491606826207,0.9718915027589271,0.224539877301,-0.0822570891489,-0.0446553515559,-1.22192475733,-1.12150775339,3.95363462725,0.812672756929,0.00216261407027,0
0.09649122807017543,0.512154882155,0.513297448166,0.9685224662436325,0.197427460365,-0.117187043225,-0.137437990376,-1.30513155379,-1.21035748103,3.61939952728,0.698254802523,0.000804441016731,0
